IP 地址,已发送,已接收,丢包率,平均延迟,下载速度 (MB/s)
172.64.143.214,4,4,0.00,157.62,0.00
172.64.40.194,4,4,0.00,160.71,0.00
172.64.137.176,4,4,0.00,161.72,0.00
172.64.172.91,4,4,0.00,168.58,0.00
172.64.165.53,4,4,0.00,168.58,0.00
172.67.38.163,4,4,0.00,175.95,0.00
172.67.252.40,4,4,0.00,189.97,0.00
104.21.127.242,4,4,0.00,193.70,0.00
172.65.10.219,4,4,0.00,195.39,0.00
172.65.40.151,4,4,0.00,197.68,0.00
172.65.3.106,4,4,0.00,200.26,0.00
172.65.28.102,4,4,0.00,200.27,0.00
172.67.213.93,4,4,0.00,200.30,0.00
104.21.205.116,4,4,0.00,202.62,0.00
172.67.247.14,4,4,0.00,203.28,0.00
104.21.124.195,4,4,0.00,204.49,0.00
172.67.137.40,4,4,0.00,204.83,0.00
172.65.16.220,4,4,0.00,204.89,0.00
172.67.145.186,4,4,0.00,205.06,0.00
172.67.249.100,4,4,0.00,205.84,0.00
172.67.153.211,4,4,0.00,206.05,0.00
172.67.189.241,4,4,0.00,206.35,0.00
172.67.146.94,4,4,0.00,207.06,0.00
172.65.19.121,4,4,0.00,207.08,0.00
172.67.172.231,4,4,0.00,207.25,0.00
172.67.245.204,4,4,0.00,207.60,0.00
172.67.232.122,4,4,0.00,207.72,0.00
172.65.35.179,4,4,0.00,207.85,0.00
104.21.115.182,4,4,0.00,208.12,0.00
172.67.201.151,4,4,0.00,208.61,0.00
172.67.182.125,4,4,0.00,209.22,0.00
172.65.41.21,4,4,0.00,209.54,0.00
172.65.58.201,4,4,0.00,209.67,0.00
104.21.116.160,4,4,0.00,209.73,0.00
172.67.222.157,4,4,0.00,209.78,0.00
172.67.239.12,4,4,0.00,210.04,0.00
172.65.43.25,4,4,0.00,210.69,0.00
172.67.200.89,4,4,0.00,210.76,0.00
172.65.51.249,4,4,0.00,210.78,0.00
172.65.61.185,4,4,0.00,210.79,0.00
172.67.128.163,4,4,0.00,210.83,0.00
172.65.7.185,4,4,0.00,210.99,0.00
172.65.36.83,4,4,0.00,211.94,0.00
172.65.209.26,4,4,0.00,211.96,0.00
172.65.170.131,4,4,0.00,212.53,0.00
172.67.226.135,4,4,0.00,212.54,0.00
172.65.11.244,4,4,0.00,212.64,0.00
172.67.152.38,4,4,0.00,212.96,0.00
172.65.190.82,4,4,0.00,212.97,0.00
104.21.105.166,4,4,0.00,213.13,0.00
172.67.254.231,4,4,0.00,213.18,0.00
104.21.125.99,4,4,0.00,213.21,0.00
172.67.167.184,4,4,0.00,213.34,0.00
104.21.212.200,4,4,0.00,213.65,0.00
172.65.20.182,4,4,0.00,213.91,0.00
104.23.140.22,4,4,0.00,214.75,0.00
104.24.21.97,4,4,0.00,214.81,0.00
104.21.193.228,4,4,0.00,214.90,0.00
104.21.209.236,4,4,0.00,214.92,0.00
172.65.33.8,4,4,0.00,215.01,0.00
104.26.15.73,4,4,0.00,215.14,0.00
104.21.111.160,4,4,0.00,215.19,0.00
104.26.11.195,4,4,0.00,215.51,0.00
172.65.1.9,4,4,0.00,215.74,0.00
104.24.218.116,4,4,0.00,215.76,0.00
172.65.75.135,4,4,0.00,215.83,0.00
172.65.166.217,4,4,0.00,215.84,0.00
104.24.148.235,4,4,0.00,215.87,0.00
172.67.58.73,4,4,0.00,215.90,0.00
172.65.183.197,4,4,0.00,215.91,0.00
104.24.94.0,4,4,0.00,216.19,0.00
104.25.35.205,4,4,0.00,216.25,0.00
104.27.107.253,4,4,0.00,216.35,0.00
172.65.99.113,4,4,0.00,216.42,0.00
172.65.56.51,4,4,0.00,216.54,0.00
104.24.16.163,4,4,0.00,216.57,0.00
172.67.8.64,4,4,0.00,216.58,0.00
172.66.170.46,4,4,0.00,216.72,0.00
104.25.235.139,4,4,0.00,216.77,0.00
172.65.4.239,4,4,0.00,216.89,0.00
104.24.177.159,4,4,0.00,216.95,0.00
104.24.153.149,4,4,0.00,217.02,0.00
104.21.203.202,4,4,0.00,217.05,0.00
104.27.36.138,4,4,0.00,217.08,0.00
172.67.70.113,4,4,0.00,217.13,0.00
104.21.123.235,4,4,0.00,217.21,0.00
172.65.34.94,4,4,0.00,217.24,0.00
104.25.104.199,4,4,0.00,217.44,0.00
172.67.147.121,4,4,0.00,217.52,0.00
104.27.120.30,4,4,0.00,217.52,0.00
172.67.191.57,4,4,0.00,217.83,0.00
172.65.2.20,4,4,0.00,217.85,0.00
172.67.251.38,4,4,0.00,217.85,0.00
104.25.118.88,4,4,0.00,217.88,0.00
172.65.26.122,4,4,0.00,217.92,0.00
104.25.83.33,4,4,0.00,218.21,0.00
104.25.226.104,4,4,0.00,218.49,0.00
104.21.13.214,4,4,0.00,218.51,0.00
172.67.94.199,4,4,0.00,218.53,0.00
172.67.246.67,4,4,0.00,218.59,0.00
172.65.161.235,4,4,0.00,218.65,0.00
172.67.154.97,4,4,0.00,218.72,0.00
104.27.89.93,4,4,0.00,218.77,0.00
172.64.232.97,4,4,0.00,219.17,0.00
104.24.79.0,4,4,0.00,219.22,0.00
104.23.124.111,4,4,0.00,219.37,0.00
104.24.254.181,4,4,0.00,219.42,0.00
104.26.2.102,4,4,0.00,219.43,0.00
172.65.109.162,4,4,0.00,219.44,0.00
104.23.137.170,4,4,0.00,219.46,0.00
104.24.55.44,4,4,0.00,219.54,0.00
104.27.35.103,4,4,0.00,219.54,0.00
104.24.146.92,4,4,0.00,219.56,0.00
172.66.205.242,4,4,0.00,219.67,0.00
104.24.34.231,4,4,0.00,219.82,0.00
104.22.46.249,4,4,0.00,219.87,0.00
104.26.4.248,4,4,0.00,220.12,0.00
172.65.129.201,4,4,0.00,220.18,0.00
172.66.208.108,4,4,0.00,220.18,0.00
104.23.101.144,4,4,0.00,220.19,0.00
172.67.103.200,4,4,0.00,220.20,0.00
104.25.115.26,4,4,0.00,220.22,0.00
104.26.12.130,4,4,0.00,220.22,0.00
172.67.48.200,4,4,0.00,220.32,0.00
172.65.119.198,4,4,0.00,220.41,0.00
104.24.204.246,4,4,0.00,220.45,0.00
172.67.79.218,4,4,0.00,220.48,0.00
104.25.137.127,4,4,0.00,220.52,0.00
172.66.216.251,4,4,0.00,220.72,0.00
104.25.39.38,4,4,0.00,220.73,0.00
104.25.66.165,4,4,0.00,220.77,0.00
104.22.67.183,4,4,0.00,220.90,0.00
104.24.199.14,4,4,0.00,220.94,0.00
104.25.231.168,4,4,0.00,221.04,0.00
104.25.139.87,4,4,0.00,221.07,0.00
104.23.116.62,4,4,0.00,221.09,0.00
104.25.112.240,4,4,0.00,221.21,0.00
104.23.100.70,4,4,0.00,221.22,0.00
172.67.64.87,4,4,0.00,221.23,0.00
104.24.31.231,4,4,0.00,221.23,0.00
104.24.10.156,4,4,0.00,221.30,0.00
104.27.103.225,4,4,0.00,221.33,0.00
104.25.1.220,4,4,0.00,221.36,0.00
172.66.150.252,4,4,0.00,221.39,0.00
104.25.34.82,4,4,0.00,221.56,0.00
104.27.27.95,4,4,0.00,221.60,0.00
172.65.134.63,4,4,0.00,221.64,0.00
104.26.3.85,4,4,0.00,221.64,0.00
104.24.36.150,4,4,0.00,221.68,0.00
104.23.142.181,4,4,0.00,221.83,0.00
172.65.100.160,4,4,0.00,221.84,0.00
172.65.98.125,4,4,0.00,221.89,0.00
104.26.14.53,4,4,0.00,222.03,0.00
104.24.240.135,4,4,0.00,222.05,0.00
104.23.119.35,4,4,0.00,222.08,0.00
172.66.210.9,4,4,0.00,222.13,0.00
172.67.121.86,4,4,0.00,222.16,0.00
104.27.108.57,4,4,0.00,222.21,0.00
104.24.141.105,4,4,0.00,222.24,0.00
172.65.178.90,4,4,0.00,222.35,0.00
104.27.5.59,4,4,0.00,222.38,0.00
104.24.231.252,4,4,0.00,222.39,0.00
104.24.32.54,4,4,0.00,222.45,0.00
104.25.173.103,4,4,0.00,222.51,0.00
104.25.64.176,4,4,0.00,222.55,0.00
104.27.4.253,4,4,0.00,222.56,0.00
172.66.215.161,4,4,0.00,222.60,0.00
172.67.61.87,4,4,0.00,222.62,0.00
172.66.176.62,4,4,0.00,222.67,0.00
104.24.239.31,4,4,0.00,222.69,0.00
104.27.54.145,4,4,0.00,222.75,0.00
104.24.29.242,4,4,0.00,222.80,0.00
172.65.167.2,4,4,0.00,222.90,0.00
104.27.63.131,4,4,0.00,223.01,0.00
172.65.38.56,4,4,0.00,223.12,0.00
172.65.189.16,4,4,0.00,223.12,0.00
104.25.249.198,4,4,0.00,223.15,0.00
104.24.3.86,4,4,0.00,223.17,0.00
104.27.81.184,4,4,0.00,223.26,0.00
104.27.24.55,4,4,0.00,223.26,0.00
104.27.12.62,4,4,0.00,223.28,0.00
104.24.70.110,4,4,0.00,223.29,0.00
104.23.97.231,4,4,0.00,223.30,0.00
172.66.149.153,4,4,0.00,223.34,0.00
104.26.9.162,4,4,0.00,223.52,0.00
104.27.117.38,4,4,0.00,223.55,0.00
104.24.54.224,4,4,0.00,223.56,0.00
172.66.163.245,4,4,0.00,223.59,0.00
104.27.201.240,4,4,0.00,223.60,0.00
104.27.29.25,4,4,0.00,223.62,0.00
104.24.226.213,4,4,0.00,223.67,0.00
172.66.211.100,4,4,0.00,223.70,0.00
172.65.42.115,4,4,0.00,223.70,0.00
172.66.213.144,4,4,0.00,223.75,0.00
104.24.147.251,4,4,0.00,223.86,0.00
104.27.28.124,4,4,0.00,223.89,0.00
104.25.114.69,4,4,0.00,224.09,0.00
172.67.55.113,4,4,0.00,224.11,0.00
104.23.106.18,4,4,0.00,224.11,0.00
104.27.34.10,4,4,0.00,224.13,0.00
104.27.192.18,4,4,0.00,224.19,0.00
104.25.77.167,4,4,0.00,224.25,0.00
104.27.50.52,4,4,0.00,224.33,0.00
104.27.31.102,4,4,0.00,224.42,0.00
104.24.25.131,4,4,0.00,224.44,0.00
172.66.152.67,4,4,0.00,224.56,0.00
104.25.243.86,4,4,0.00,224.62,0.00
104.25.6.147,4,4,0.00,224.66,0.00
104.25.78.212,4,4,0.00,224.76,0.00
104.27.45.129,4,4,0.00,224.83,0.00
172.66.159.111,4,4,0.00,224.85,0.00
172.67.2.215,4,4,0.00,224.89,0.00
172.65.136.123,4,4,0.00,224.94,0.00
104.25.93.150,4,4,0.00,225.02,0.00
104.24.23.33,4,4,0.00,225.03,0.00
104.27.61.143,4,4,0.00,225.05,0.00
172.67.9.49,4,4,0.00,225.06,0.00
104.25.166.226,4,4,0.00,225.09,0.00
104.27.200.70,4,4,0.00,225.13,0.00
104.27.47.151,4,4,0.00,225.14,0.00
172.66.169.94,4,4,0.00,225.19,0.00
104.24.224.29,4,4,0.00,225.29,0.00
104.27.10.6,4,4,0.00,225.29,0.00
104.27.25.45,4,4,0.00,225.30,0.00
104.27.101.189,4,4,0.00,225.33,0.00
172.65.187.13,4,4,0.00,225.33,0.00
104.24.163.32,4,4,0.00,225.34,0.00
172.67.63.221,4,4,0.00,225.36,0.00
104.24.132.229,4,4,0.00,225.39,0.00
172.67.4.117,4,4,0.00,225.48,0.00
104.24.2.192,4,4,0.00,225.49,0.00
104.27.113.26,4,4,0.00,225.52,0.00
104.25.123.42,4,4,0.00,225.67,0.00
104.27.3.176,4,4,0.00,225.78,0.00
104.25.109.64,4,4,0.00,225.79,0.00
104.27.82.156,4,4,0.00,225.80,0.00
172.67.80.69,4,4,0.00,225.82,0.00
172.66.164.246,4,4,0.00,225.82,0.00
104.22.74.48,4,4,0.00,225.85,0.00
172.66.162.67,4,4,0.00,225.97,0.00
104.24.170.200,4,4,0.00,226.10,0.00
104.25.108.13,4,4,0.00,226.10,0.00
104.24.181.2,4,4,0.00,226.23,0.00
104.25.36.185,4,4,0.00,226.31,0.00
104.24.172.98,4,4,0.00,226.37,0.00
172.65.70.234,4,4,0.00,226.37,0.00
172.66.207.102,4,4,0.00,226.40,0.00
104.27.66.12,4,4,0.00,226.64,0.00
104.23.99.80,4,4,0.00,226.65,0.00
104.27.193.67,4,4,0.00,226.65,0.00
172.67.53.69,4,4,0.00,226.66,0.00
104.27.109.215,4,4,0.00,226.70,0.00
172.66.145.6,4,4,0.00,226.78,0.00
104.25.252.224,4,4,0.00,226.78,0.00
104.23.96.246,4,4,0.00,226.84,0.00
104.25.32.103,4,4,0.00,226.84,0.00
172.66.173.81,4,4,0.00,226.98,0.00
104.23.102.36,4,4,0.00,227.00,0.00
104.25.113.50,4,4,0.00,227.16,0.00
172.67.7.243,4,4,0.00,227.22,0.00
104.27.118.2,4,4,0.00,227.23,0.00
104.24.167.116,4,4,0.00,227.27,0.00
104.25.98.175,4,4,0.00,227.28,0.00
104.22.71.125,4,4,0.00,227.49,0.00
104.24.0.39,4,4,0.00,227.58,0.00
172.66.168.31,4,4,0.00,227.58,0.00
104.26.6.144,4,4,0.00,227.64,0.00
104.25.164.164,4,4,0.00,227.77,0.00
104.23.138.232,4,4,0.00,227.86,0.00
104.23.125.223,4,4,0.00,227.92,0.00
104.27.32.48,4,4,0.00,227.93,0.00
104.25.85.67,4,4,0.00,227.93,0.00
172.66.212.239,4,4,0.00,227.95,0.00
104.27.52.191,4,4,0.00,228.00,0.00
104.25.27.85,4,4,0.00,228.02,0.00
104.22.2.65,4,4,0.00,228.04,0.00
172.64.236.99,4,4,0.00,228.07,0.00
104.25.245.252,4,4,0.00,228.10,0.00
104.24.164.144,4,4,0.00,228.14,0.00
104.25.111.216,4,4,0.00,228.14,0.00
172.66.144.0,4,4,0.00,228.15,0.00
104.24.249.199,4,4,0.00,228.25,0.00
172.65.116.222,4,4,0.00,228.27,0.00
172.66.157.253,4,4,0.00,228.27,0.00
172.64.78.38,4,4,0.00,228.49,0.00
172.67.75.57,4,4,0.00,228.50,0.00
104.24.81.62,4,4,0.00,228.60,0.00
104.25.116.2,4,4,0.00,228.64,0.00
104.25.163.31,4,4,0.00,228.72,0.00
104.24.27.125,4,4,0.00,228.74,0.00
172.67.148.233,4,4,0.00,228.77,0.00
104.25.183.3,4,4,0.00,228.77,0.00
104.27.13.11,4,4,0.00,228.78,0.00
104.24.223.203,4,4,0.00,228.79,0.00
172.65.68.111,4,4,0.00,228.82,0.00
104.27.126.175,4,4,0.00,228.98,0.00
172.65.188.63,4,4,0.00,229.02,0.00
104.24.150.101,4,4,0.00,229.02,0.00
104.25.97.247,4,4,0.00,229.12,0.00
104.24.49.110,4,4,0.00,229.13,0.00
104.27.207.102,4,4,0.00,229.21,0.00
104.23.133.224,4,4,0.00,229.25,0.00
172.65.69.48,4,4,0.00,229.39,0.00
104.24.173.58,4,4,0.00,229.48,0.00
172.67.106.143,4,4,0.00,229.51,0.00
172.67.73.160,4,4,0.00,229.58,0.00
104.25.127.214,4,4,0.00,229.60,0.00
172.65.106.174,4,4,0.00,229.69,0.00
104.25.7.118,4,4,0.00,229.77,0.00
172.66.160.103,4,4,0.00,229.78,0.00
104.24.63.230,4,4,0.00,229.79,0.00
172.67.0.172,4,4,0.00,229.81,0.00
104.27.67.135,4,4,0.00,229.94,0.00
104.25.230.172,4,4,0.00,230.02,0.00
104.27.44.185,4,4,0.00,230.03,0.00
172.66.146.249,4,4,0.00,230.09,0.00
104.24.5.32,4,4,0.00,230.15,0.00
104.27.111.65,4,4,0.00,230.21,0.00
172.67.105.167,4,4,0.00,230.21,0.00
172.67.3.103,4,4,0.00,230.39,0.00
104.24.165.40,4,4,0.00,230.41,0.00
172.65.172.90,4,4,0.00,230.42,0.00
172.66.209.195,4,4,0.00,230.64,0.00
104.23.130.147,4,4,0.00,230.67,0.00
104.24.76.100,4,4,0.00,230.68,0.00
104.27.2.71,4,4,0.00,230.72,0.00
104.27.15.141,4,4,0.00,230.91,0.00
104.24.1.152,4,4,0.00,230.93,0.00
104.25.22.100,4,4,0.00,230.93,0.00
104.23.121.114,4,4,0.00,230.93,0.00
104.24.68.21,4,4,0.00,230.95,0.00
104.27.123.198,4,4,0.00,230.97,0.00
104.27.88.253,4,4,0.00,231.01,0.00
172.66.177.70,4,4,0.00,231.09,0.00
172.66.196.50,4,4,0.00,231.11,0.00
172.66.156.81,4,4,0.00,231.12,0.00
104.25.0.153,4,4,0.00,231.16,0.00
172.65.108.199,4,4,0.00,231.19,0.00
104.25.92.252,4,4,0.00,231.28,0.00
172.67.69.215,4,4,0.00,231.39,0.00
104.23.104.65,4,4,0.00,231.39,0.00
104.24.247.223,4,4,0.00,231.39,0.00
104.27.0.3,4,4,0.00,231.46,0.00
104.25.205.59,4,4,0.00,231.53,0.00
172.66.154.85,4,4,0.00,231.58,0.00
104.25.55.35,4,4,0.00,231.67,0.00
172.66.161.11,4,4,0.00,231.69,0.00
172.65.114.14,4,4,0.00,231.82,0.00
172.66.199.59,4,4,0.00,232.08,0.00
172.65.104.151,4,4,0.00,232.11,0.00
172.67.1.11,4,4,0.00,232.38,0.00
104.27.206.40,4,4,0.00,232.43,0.00
172.66.175.147,4,4,0.00,232.91,0.00
104.24.28.214,4,4,0.00,232.93,0.00
172.66.165.89,4,4,0.00,232.98,0.00
172.66.158.233,4,4,0.00,233.06,0.00
172.67.14.158,4,4,0.00,233.30,0.00
172.66.153.56,4,4,0.00,233.32,0.00
104.27.102.55,4,4,0.00,233.59,0.00
172.66.147.24,4,4,0.00,233.68,0.00
104.26.7.240,4,4,0.00,233.82,0.00
172.65.182.10,4,4,0.00,233.84,0.00
104.27.1.67,4,4,0.00,233.87,0.00
104.24.222.175,4,4,0.00,233.88,0.00
104.27.58.126,4,4,0.00,234.03,0.00
104.24.20.20,4,4,0.00,234.19,0.00
104.24.40.57,4,4,0.00,234.23,0.00
104.24.13.35,4,4,0.00,234.39,0.00
104.25.53.69,4,4,0.00,234.83,0.00
172.66.155.130,4,4,0.00,234.86,0.00
104.24.17.180,4,4,0.00,235.06,0.00
104.23.107.238,4,4,0.00,235.13,0.00
172.65.131.195,4,4,0.00,235.25,0.00
104.27.90.235,4,4,0.00,236.03,0.00
104.23.103.105,4,4,0.00,236.07,0.00
104.25.3.21,4,4,0.00,236.11,0.00
104.25.145.172,4,4,0.00,236.37,0.00
172.64.238.8,4,4,0.00,237.06,0.00
104.25.54.24,4,4,0.00,237.33,0.00
104.23.143.115,4,4,0.00,237.43,0.00
104.24.242.210,4,4,0.00,237.64,0.00
172.65.118.42,4,4,0.00,237.65,0.00
104.25.67.200,4,4,0.00,238.20,0.00
104.25.21.10,4,4,0.00,238.76,0.00
104.25.51.36,4,4,0.00,238.90,0.00
172.67.76.193,4,4,0.00,240.15,0.00
104.27.9.123,4,4,0.00,241.65,0.00
104.25.30.81,4,4,0.00,241.74,0.00
172.67.111.78,4,4,0.00,241.81,0.00
104.27.100.237,4,4,0.00,241.99,0.00
104.27.33.68,4,4,0.00,242.18,0.00
104.25.87.189,4,4,0.00,242.47,0.00
172.65.74.226,4,4,0.00,242.78,0.00
104.27.56.2,4,4,0.00,243.67,0.00
104.25.74.17,4,4,0.00,244.25,0.00
172.67.97.105,4,4,0.00,244.41,0.00
172.65.171.240,4,4,0.00,244.62,0.00
104.27.76.48,4,4,0.00,245.56,0.00
104.25.106.249,4,4,0.00,246.54,0.00
104.24.11.101,4,4,0.00,247.52,0.00
172.67.10.143,4,4,0.00,247.83,0.00
172.65.185.251,4,4,0.00,247.95,0.00
104.27.19.69,4,4,0.00,248.07,0.00
104.27.43.14,4,4,0.00,248.50,0.00
172.67.13.187,4,4,0.00,248.71,0.00
172.65.130.196,4,4,0.00,249.10,0.00
104.27.194.141,4,4,0.00,249.16,0.00
172.64.233.10,4,4,0.00,258.47,0.00
172.64.157.2,4,4,0.00,271.75,0.00
172.64.76.40,4,4,0.00,289.98,0.00
172.65.226.181,4,4,0.00,297.51,0.00
172.65.200.169,4,4,0.00,311.02,0.00
172.64.38.198,4,4,0.00,340.98,0.00
172.64.159.175,4,4,0.00,354.24,0.00
172.64.53.84,4,4,0.00,379.61,0.00
172.64.41.252,4,4,0.00,383.54,0.00
172.64.42.186,4,4,0.00,391.62,0.00
172.65.192.150,4,4,0.00,392.19,0.00
172.65.195.178,4,4,0.00,427.26,0.00
172.64.149.252,4,4,0.00,447.07,0.00
172.66.44.114,4,4,0.00,449.23,0.00
172.65.229.134,4,4,0.00,449.63,0.00
172.65.203.92,4,4,0.00,451.78,0.00
172.65.222.113,4,4,0.00,453.86,0.00
172.64.33.157,4,4,0.00,465.56,0.00
172.65.196.178,4,4,0.00,471.34,0.00
172.65.230.18,4,4,0.00,471.73,0.00
172.64.49.77,4,4,0.00,473.38,0.00
172.64.50.47,4,4,0.00,479.35,0.00
172.66.3.200,4,4,0.00,479.95,0.00
172.64.94.160,4,4,0.00,481.64,0.00
172.64.85.193,4,4,0.00,482.83,0.00
172.65.207.26,4,4,0.00,488.33,0.00
172.65.220.110,4,4,0.00,491.09,0.00
172.65.223.215,4,4,0.00,492.05,0.00
172.64.37.46,4,4,0.00,497.24,0.00
172.64.93.60,4,4,0.00,505.65,0.00
172.64.34.224,4,4,0.00,509.61,0.00
172.64.84.78,4,4,0.00,521.53,0.00
172.65.202.54,4,4,0.00,541.74,0.00
172.65.211.115,4,4,0.00,545.71,0.00
172.65.218.71,4,4,0.00,546.95,0.00
172.64.80.148,4,4,0.00,549.66,0.00
172.64.83.146,4,4,0.00,551.58,0.00
172.66.45.149,4,4,0.00,560.54,0.00
172.65.197.219,4,4,0.00,561.70,0.00
172.66.43.167,4,4,0.00,568.09,0.00
172.64.87.226,4,4,0.00,593.27,0.00
172.64.32.18,4,4,0.00,593.91,0.00
172.65.193.91,4,4,0.00,593.97,0.00
172.65.221.128,4,4,0.00,607.36,0.00
104.31.16.38,4,4,0.00,607.67,0.00
172.65.247.246,4,4,0.00,619.62,0.00
172.65.210.154,4,4,0.00,625.47,0.00
172.65.199.32,4,4,0.00,633.22,0.00
172.65.248.246,4,4,0.00,642.71,0.00
172.64.145.10,4,4,0.00,650.15,0.00
172.64.91.148,4,4,0.00,653.10,0.00
172.64.148.59,4,4,0.00,657.70,0.00
172.66.41.219,4,4,0.00,665.54,0.00
172.66.42.101,4,4,0.00,694.99,0.00
172.64.81.114,4,4,0.00,698.94,0.00
172.64.46.82,4,4,0.00,707.17,0.00
172.64.155.124,4,4,0.00,708.87,0.00
172.64.89.164,4,4,0.00,720.40,0.00
172.65.205.147,4,4,0.00,758.38,0.00
172.64.47.59,4,4,0.00,759.20,0.00
172.65.232.111,4,4,0.00,763.51,0.00
172.66.40.253,4,4,0.00,772.62,0.00
172.64.90.242,4,4,0.00,836.22,0.00
172.64.152.48,4,4,0.00,895.45,0.00
172.65.204.168,4,4,0.00,907.53,0.00
172.64.109.179,4,3,0.25,155.77,0.00
172.64.110.179,4,3,0.25,156.07,0.00
172.64.140.185,4,3,0.25,158.38,0.00
172.64.97.100,4,3,0.25,159.14,0.00
172.67.19.204,4,3,0.25,159.44,0.00
172.67.39.27,4,3,0.25,160.85,0.00
172.64.153.223,4,3,0.25,161.25,0.00
172.64.139.216,4,3,0.25,162.21,0.00
172.65.92.24,4,3,0.25,162.36,0.00
172.67.31.2,4,3,0.25,162.52,0.00
172.67.25.214,4,3,0.25,162.95,0.00
104.21.236.210,4,3,0.25,164.60,0.00
172.65.83.127,4,3,0.25,164.60,0.00
104.21.231.167,4,3,0.25,164.69,0.00
172.64.162.89,4,3,0.25,166.73,0.00
104.21.225.227,4,3,0.25,167.76,0.00
104.21.229.73,4,3,0.25,168.74,0.00
104.21.226.167,4,3,0.25,170.29,0.00
172.64.142.246,4,3,0.25,170.55,0.00
172.64.96.207,4,3,0.25,178.64,0.00
172.67.41.157,4,3,0.25,184.87,0.00
172.67.225.177,4,3,0.25,192.81,0.00
104.21.89.185,4,3,0.25,193.59,0.00
104.21.26.31,4,3,0.25,197.48,0.00
104.21.109.89,4,3,0.25,198.02,0.00
104.21.118.9,4,3,0.25,198.04,0.00
104.21.103.4,4,3,0.25,198.37,0.00
104.21.120.202,4,3,0.25,198.62,0.00
172.67.187.197,4,3,0.25,198.81,0.00
104.21.93.148,4,3,0.25,199.50,0.00
104.21.91.52,4,3,0.25,200.05,0.00
172.67.206.156,4,3,0.25,200.50,0.00
104.21.21.144,4,3,0.25,200.95,0.00
172.67.227.206,4,3,0.25,201.31,0.00
172.65.60.224,4,3,0.25,201.50,0.00
172.67.184.135,4,3,0.25,203.08,0.00
104.21.206.102,4,3,0.25,203.24,0.00
104.21.126.108,4,3,0.25,203.73,0.00
104.21.200.123,4,3,0.25,203.90,0.00
104.21.96.242,4,3,0.25,204.44,0.00
172.67.186.126,4,3,0.25,204.74,0.00
172.67.158.131,4,3,0.25,205.11,0.00
172.67.150.71,4,3,0.25,205.16,0.00
172.67.255.76,4,3,0.25,205.24,0.00
104.21.106.253,4,3,0.25,205.40,0.00
104.21.219.49,4,3,0.25,205.53,0.00
172.65.9.216,4,3,0.25,205.81,0.00
104.21.202.17,4,3,0.25,205.83,0.00
172.67.142.226,4,3,0.25,205.93,0.00
172.67.207.238,4,3,0.25,205.96,0.00
104.21.198.117,4,3,0.25,206.44,0.00
104.21.121.125,4,3,0.25,206.59,0.00
172.67.180.230,4,3,0.25,206.84,0.00
172.67.235.212,4,3,0.25,206.86,0.00
172.67.136.78,4,3,0.25,206.99,0.00
104.21.195.131,4,3,0.25,207.13,0.00
172.65.0.210,4,3,0.25,207.28,0.00
172.65.8.66,4,3,0.25,207.94,0.00
104.21.112.47,4,3,0.25,207.95,0.00
172.67.190.79,4,3,0.25,208.02,0.00
104.21.122.152,4,3,0.25,208.02,0.00
172.67.168.241,4,3,0.25,208.27,0.00
172.65.37.147,4,3,0.25,208.48,0.00
172.67.216.44,4,3,0.25,209.16,0.00
172.67.248.128,4,3,0.25,209.28,0.00
104.21.222.152,4,3,0.25,209.39,0.00
104.21.100.50,4,3,0.25,209.40,0.00
172.67.192.246,4,3,0.25,209.41,0.00
104.21.99.92,4,3,0.25,209.65,0.00
172.65.44.251,4,3,0.25,209.83,0.00
172.67.223.125,4,3,0.25,210.23,0.00
172.67.215.221,4,3,0.25,210.26,0.00
172.65.46.92,4,3,0.25,210.32,0.00
172.67.208.42,4,3,0.25,210.36,0.00
104.21.114.40,4,3,0.25,210.55,0.00
172.67.221.40,4,3,0.25,210.55,0.00
172.67.212.167,4,3,0.25,210.65,0.00
172.65.53.103,4,3,0.25,210.80,0.00
172.67.188.132,4,3,0.25,211.13,0.00
172.67.253.122,4,3,0.25,211.67,0.00
104.21.223.244,4,3,0.25,211.94,0.00
172.67.133.17,4,3,0.25,212.12,0.00
172.67.203.173,4,3,0.25,212.44,0.00
172.67.233.78,4,3,0.25,212.80,0.00
104.21.110.80,4,3,0.25,212.90,0.00
172.67.127.180,4,3,0.25,213.08,0.00
172.67.141.192,4,3,0.25,213.11,0.00
104.24.129.86,4,3,0.25,213.48,0.00
172.67.183.106,4,3,0.25,213.72,0.00
104.21.108.43,4,3,0.25,213.74,0.00
104.24.53.73,4,3,0.25,213.87,0.00
172.65.25.125,4,3,0.25,214.22,0.00
172.65.24.201,4,3,0.25,214.39,0.00
172.65.39.164,4,3,0.25,214.79,0.00
172.67.199.129,4,3,0.25,214.84,0.00
172.65.32.143,4,3,0.25,214.92,0.00
172.67.211.216,4,3,0.25,214.95,0.00
172.66.172.80,4,3,0.25,215.00,0.00
104.21.35.165,4,3,0.25,215.20,0.00
172.67.179.184,4,3,0.25,215.45,0.00
172.67.161.11,4,3,0.25,215.49,0.00
172.67.151.194,4,3,0.25,215.52,0.00
172.65.52.49,4,3,0.25,215.62,0.00
172.67.205.153,4,3,0.25,215.68,0.00
104.24.52.252,4,3,0.25,215.70,0.00
104.24.149.150,4,3,0.25,215.82,0.00
104.25.121.192,4,3,0.25,215.91,0.00
172.67.202.14,4,3,0.25,216.11,0.00
104.21.95.78,4,3,0.25,216.16,0.00
172.67.250.231,4,3,0.25,216.21,0.00
172.65.15.169,4,3,0.25,216.60,0.00
104.21.102.210,4,3,0.25,216.62,0.00
104.22.77.87,4,3,0.25,216.97,0.00
104.24.8.149,4,3,0.25,217.15,0.00
104.23.110.197,4,3,0.25,217.22,0.00
104.20.146.105,4,3,0.25,217.64,0.00
172.67.123.189,4,3,0.25,217.71,0.00
104.22.75.21,4,3,0.25,217.81,0.00
104.27.40.186,4,3,0.25,217.86,0.00
172.67.243.76,4,3,0.25,217.89,0.00
172.65.101.214,4,3,0.25,218.13,0.00
172.67.92.187,4,3,0.25,218.29,0.00
172.66.174.46,4,3,0.25,218.55,0.00
172.67.95.49,4,3,0.25,218.63,0.00
172.66.198.133,4,3,0.25,218.70,0.00
104.27.127.6,4,3,0.25,218.77,0.00
104.21.90.183,4,3,0.25,218.81,0.00
104.21.38.100,4,3,0.25,218.88,0.00
172.67.104.176,4,3,0.25,219.12,0.00
104.21.94.234,4,3,0.25,219.14,0.00
104.25.160.162,4,3,0.25,219.14,0.00
104.27.46.153,4,3,0.25,219.42,0.00
104.24.45.240,4,3,0.25,219.44,0.00
104.24.56.146,4,3,0.25,219.50,0.00
172.65.14.173,4,3,0.25,219.59,0.00
104.25.224.111,4,3,0.25,219.62,0.00
104.24.46.115,4,3,0.25,219.74,0.00
104.25.70.34,4,3,0.25,219.86,0.00
172.65.105.27,4,3,0.25,219.97,0.00
104.24.246.114,4,3,0.25,219.98,0.00
104.20.197.113,4,3,0.25,219.99,0.00
104.27.94.147,4,3,0.25,220.00,0.00
104.24.7.250,4,3,0.25,220.49,0.00
104.27.116.219,4,3,0.25,220.52,0.00
104.20.144.83,4,3,0.25,220.61,0.00
104.20.148.254,4,3,0.25,220.68,0.00
104.24.157.189,4,3,0.25,220.71,0.00
104.27.104.83,4,3,0.25,220.73,0.00
172.66.217.243,4,3,0.25,220.76,0.00
104.26.5.91,4,3,0.25,220.92,0.00
172.66.166.207,4,3,0.25,220.93,0.00
172.67.78.49,4,3,0.25,221.04,0.00
104.25.129.242,4,3,0.25,221.07,0.00
104.23.127.202,4,3,0.25,221.13,0.00
104.24.84.54,4,3,0.25,221.16,0.00
172.67.49.156,4,3,0.25,221.18,0.00
172.65.103.56,4,3,0.25,221.19,0.00
172.67.98.132,4,3,0.25,221.35,0.00
104.20.157.182,4,3,0.25,221.55,0.00
104.25.130.217,4,3,0.25,221.59,0.00
104.24.15.7,4,3,0.25,221.66,0.00
172.66.167.211,4,3,0.25,221.74,0.00
172.65.113.229,4,3,0.25,221.79,0.00
104.25.117.136,4,3,0.25,221.91,0.00
172.66.151.230,4,3,0.25,221.95,0.00
104.25.81.90,4,3,0.25,222.16,0.00
104.27.23.61,4,3,0.25,222.26,0.00
104.25.128.149,4,3,0.25,222.35,0.00
104.27.203.252,4,3,0.25,222.36,0.00
104.22.76.59,4,3,0.25,222.51,0.00
104.27.85.160,4,3,0.25,222.58,0.00
104.27.97.49,4,3,0.25,222.62,0.00
104.20.173.248,4,3,0.25,222.66,0.00
104.26.8.102,4,3,0.25,222.71,0.00
104.27.22.153,4,3,0.25,222.73,0.00
172.67.96.154,4,3,0.25,222.78,0.00
104.20.167.85,4,3,0.25,222.90,0.00
104.25.133.84,4,3,0.25,222.90,0.00
104.25.120.2,4,3,0.25,222.94,0.00
104.25.69.191,4,3,0.25,222.95,0.00
104.24.51.3,4,3,0.25,222.96,0.00
104.25.170.153,4,3,0.25,222.99,0.00
172.67.101.202,4,3,0.25,223.15,0.00
104.24.229.179,4,3,0.25,223.28,0.00
104.24.41.100,4,3,0.25,223.45,0.00
172.67.99.85,4,3,0.25,223.45,0.00
104.26.10.233,4,3,0.25,223.54,0.00
104.24.48.75,4,3,0.25,223.55,0.00
104.25.119.75,4,3,0.25,223.62,0.00
104.25.110.239,4,3,0.25,223.67,0.00
104.25.138.176,4,3,0.25,223.75,0.00
104.27.115.185,4,3,0.25,223.84,0.00
104.24.236.150,4,3,0.25,223.89,0.00
104.27.98.58,4,3,0.25,223.93,0.00
172.67.71.159,4,3,0.25,224.03,0.00
172.67.67.154,4,3,0.25,224.25,0.00
172.66.134.15,4,3,0.25,224.27,0.00
172.67.54.93,4,3,0.25,224.33,0.00
104.21.48.141,4,3,0.25,224.45,0.00
104.24.4.234,4,3,0.25,224.60,0.00
104.23.117.65,4,3,0.25,224.82,0.00
172.67.89.17,4,3,0.25,224.91,0.00
172.65.102.195,4,3,0.25,224.92,0.00
104.27.30.5,4,3,0.25,224.95,0.00
104.23.112.23,4,3,0.25,224.96,0.00
172.65.162.98,4,3,0.25,225.11,0.00
104.25.140.182,4,3,0.25,225.14,0.00
172.67.126.161,4,3,0.25,225.15,0.00
172.67.110.94,4,3,0.25,225.21,0.00
104.27.198.130,4,3,0.25,225.22,0.00
104.23.123.105,4,3,0.25,225.31,0.00
104.27.93.7,4,3,0.25,225.54,0.00
104.25.122.27,4,3,0.25,225.55,0.00
172.65.71.187,4,3,0.25,225.60,0.00
172.65.73.139,4,3,0.25,225.77,0.00
104.24.152.134,4,3,0.25,225.80,0.00
104.24.241.41,4,3,0.25,225.82,0.00
104.24.37.204,4,3,0.25,225.85,0.00
172.65.181.83,4,3,0.25,225.92,0.00
172.65.184.35,4,3,0.25,225.97,0.00
104.20.160.36,4,3,0.25,226.02,0.00
172.65.112.70,4,3,0.25,226.02,0.00
104.23.113.79,4,3,0.25,226.06,0.00
104.25.72.199,4,3,0.25,226.14,0.00
104.20.152.129,4,3,0.25,226.15,0.00
104.21.87.71,4,3,0.25,226.16,0.00
172.65.107.142,4,3,0.25,226.22,0.00
104.24.43.207,4,3,0.25,226.27,0.00
104.24.174.169,4,3,0.25,226.42,0.00
104.25.5.78,4,3,0.25,226.59,0.00
172.66.142.40,4,3,0.25,226.62,0.00
104.27.38.11,4,3,0.25,226.68,0.00
104.27.95.215,4,3,0.25,226.69,0.00
104.24.61.230,4,3,0.25,226.71,0.00
172.66.143.243,4,3,0.25,226.76,0.00
104.20.189.216,4,3,0.25,226.79,0.00
104.27.112.114,4,3,0.25,226.89,0.00
172.67.50.41,4,3,0.25,226.95,0.00
104.20.171.214,4,3,0.25,227.15,0.00
104.21.17.86,4,3,0.25,227.54,0.00
104.24.33.67,4,3,0.25,227.57,0.00
104.25.73.0,4,3,0.25,227.59,0.00
104.25.144.90,4,3,0.25,227.62,0.00
104.24.9.199,4,3,0.25,227.84,0.00
172.65.78.38,4,3,0.25,227.87,0.00
104.24.71.236,4,3,0.25,227.90,0.00
104.24.145.170,4,3,0.25,227.91,0.00
172.65.214.149,4,3,0.25,228.04,0.00
172.66.201.217,4,3,0.25,228.17,0.00
104.24.38.80,4,3,0.25,228.29,0.00
104.27.119.130,4,3,0.25,228.32,0.00
104.24.166.21,4,3,0.25,228.33,0.00
104.27.39.202,4,3,0.25,228.34,0.00
104.23.122.230,4,3,0.25,228.39,0.00
172.67.125.17,4,3,0.25,228.42,0.00
104.24.171.191,4,3,0.25,228.58,0.00
104.25.9.222,4,3,0.25,228.60,0.00
104.27.96.177,4,3,0.25,228.68,0.00
104.27.197.185,4,3,0.25,228.69,0.00
104.27.92.224,4,3,0.25,228.80,0.00
104.23.114.74,4,3,0.25,228.97,0.00
104.27.53.113,4,3,0.25,229.00,0.00
172.66.214.119,4,3,0.25,229.02,0.00
172.64.235.75,4,3,0.25,229.03,0.00
104.25.203.223,4,3,0.25,229.05,0.00
104.20.176.61,4,3,0.25,229.13,0.00
172.65.173.134,4,3,0.25,229.28,0.00
104.25.71.20,4,3,0.25,229.38,0.00
172.67.52.83,4,3,0.25,229.40,0.00
104.24.144.55,4,3,0.25,229.52,0.00
172.67.87.28,4,3,0.25,229.64,0.00
104.24.64.100,4,3,0.25,229.66,0.00
104.27.99.103,4,3,0.25,229.69,0.00
172.67.5.58,4,3,0.25,229.78,0.00
104.25.187.239,4,3,0.25,229.79,0.00
104.23.136.239,4,3,0.25,229.93,0.00
104.25.96.78,4,3,0.25,229.99,0.00
104.24.201.58,4,3,0.25,230.00,0.00
104.20.191.149,4,3,0.25,230.04,0.00
104.20.195.227,4,3,0.25,230.04,0.00
104.25.46.92,4,3,0.25,230.12,0.00
172.67.12.149,4,3,0.25,230.16,0.00
104.20.172.54,4,3,0.25,230.23,0.00
104.20.162.123,4,3,0.25,230.23,0.00
104.25.76.201,4,3,0.25,230.28,0.00
172.65.186.18,4,3,0.25,230.31,0.00
104.27.199.130,4,3,0.25,230.43,0.00
104.21.2.253,4,3,0.25,230.75,0.00
104.25.154.212,4,3,0.25,230.81,0.00
104.26.0.128,4,3,0.25,230.91,0.00
104.25.156.149,4,3,0.25,231.06,0.00
104.20.246.19,4,3,0.25,231.07,0.00
172.67.88.64,4,3,0.25,231.18,0.00
104.22.1.227,4,3,0.25,231.24,0.00
172.67.11.11,4,3,0.25,231.31,0.00
104.23.105.200,4,3,0.25,231.64,0.00
104.21.79.28,4,3,0.25,231.68,0.00
104.24.206.71,4,3,0.25,231.73,0.00
104.26.1.123,4,3,0.25,231.75,0.00
104.22.13.67,4,3,0.25,231.92,0.00
104.27.196.161,4,3,0.25,232.15,0.00
104.27.106.161,4,3,0.25,232.28,0.00
104.27.195.178,4,3,0.25,232.53,0.00
104.25.42.210,4,3,0.25,232.65,0.00
104.20.218.156,4,3,0.25,232.68,0.00
172.66.193.70,4,3,0.25,232.72,0.00
104.22.6.115,4,3,0.25,233.02,0.00
104.22.0.11,4,3,0.25,233.11,0.00
104.22.9.203,4,3,0.25,233.19,0.00
104.25.61.4,4,3,0.25,233.22,0.00
104.25.147.69,4,3,0.25,233.43,0.00
104.20.158.149,4,3,0.25,233.44,0.00
104.27.110.238,4,3,0.25,233.45,0.00
172.67.15.239,4,3,0.25,233.58,0.00
172.67.82.203,4,3,0.25,233.64,0.00
172.66.148.219,4,3,0.25,233.64,0.00
104.24.26.192,4,3,0.25,233.87,0.00
104.25.125.248,4,3,0.25,233.92,0.00
104.25.103.214,4,3,0.25,234.36,0.00
104.20.206.252,4,3,0.25,234.42,0.00
172.66.195.94,4,3,0.25,234.48,0.00
172.65.72.60,4,3,0.25,234.66,0.00
104.22.72.25,4,3,0.25,234.73,0.00
104.20.168.71,4,3,0.25,234.96,0.00
104.25.75.238,4,3,0.25,235.01,0.00
104.20.153.39,4,3,0.25,235.13,0.00
104.23.98.27,4,3,0.25,235.34,0.00
172.66.192.90,4,3,0.25,235.61,0.00
172.65.111.134,4,3,0.25,235.72,0.00
104.24.44.197,4,3,0.25,235.88,0.00
104.27.105.75,4,3,0.25,235.92,0.00
104.24.158.17,4,3,0.25,235.98,0.00
104.27.73.229,4,3,0.25,235.98,0.00
104.24.245.12,4,3,0.25,236.05,0.00
104.24.151.219,4,3,0.25,236.07,0.00
104.27.202.73,4,3,0.25,236.07,0.00
104.23.120.137,4,3,0.25,236.47,0.00
172.67.6.50,4,3,0.25,236.51,0.00
104.24.230.222,4,3,0.25,236.87,0.00
104.27.204.35,4,3,0.25,237.11,0.00
104.24.39.244,4,3,0.25,237.28,0.00
104.24.50.237,4,3,0.25,238.08,0.00
172.65.110.231,4,3,0.25,238.82,0.00
104.25.124.175,4,3,0.25,238.86,0.00
104.24.156.101,4,3,0.25,239.27,0.00
172.65.191.150,4,3,0.25,239.30,0.00
104.20.186.220,4,3,0.25,239.66,0.00
104.20.185.5,4,3,0.25,239.72,0.00
104.22.73.42,4,3,0.25,240.15,0.00
104.25.153.7,4,3,0.25,240.43,0.00
104.24.14.174,4,3,0.25,240.74,0.00
104.23.132.212,4,3,0.25,240.85,0.00
104.27.74.125,4,3,0.25,241.01,0.00
172.65.165.145,4,3,0.25,241.37,0.00
104.25.199.197,4,3,0.25,241.43,0.00
104.27.60.48,4,3,0.25,241.69,0.00
104.24.192.49,4,3,0.25,241.81,0.00
104.20.217.226,4,3,0.25,242.49,0.00
104.22.5.67,4,3,0.25,242.62,0.00
104.24.47.190,4,3,0.25,242.75,0.00
104.25.45.119,4,3,0.25,243.01,0.00
104.24.155.124,4,3,0.25,243.06,0.00
104.25.126.69,4,3,0.25,243.56,0.00
104.20.238.191,4,3,0.25,243.97,0.00
172.65.76.204,4,3,0.25,244.01,0.00
104.22.68.22,4,3,0.25,245.01,0.00
104.24.60.13,4,3,0.25,245.29,0.00
104.25.192.211,4,3,0.25,245.35,0.00
104.24.217.177,4,3,0.25,245.54,0.00
104.20.196.123,4,3,0.25,246.09,0.00
104.24.154.136,4,3,0.25,246.48,0.00
104.21.74.47,4,3,0.25,246.59,0.00
104.25.237.222,4,3,0.25,247.34,0.00
104.24.175.234,4,3,0.25,248.37,0.00
104.20.255.45,4,3,0.25,248.64,0.00
104.27.59.234,4,3,0.25,250.20,0.00
104.20.247.55,4,3,0.25,262.19,0.00
172.64.6.214,4,3,0.25,293.24,0.00
172.65.227.22,4,3,0.25,341.99,0.00
172.64.0.10,4,3,0.25,343.35,0.00
172.64.48.84,4,3,0.25,345.15,0.00
172.64.1.240,4,3,0.25,358.89,0.00
172.65.233.161,4,3,0.25,379.36,0.00
172.64.9.118,4,3,0.25,394.93,0.00
172.65.201.114,4,3,0.25,408.54,0.00
172.64.35.243,4,3,0.25,410.73,0.00
172.65.224.118,4,3,0.25,413.18,0.00
172.65.215.54,4,3,0.25,421.43,0.00
172.65.235.56,4,3,0.25,426.89,0.00
172.65.225.181,4,3,0.25,432.76,0.00
172.64.68.209,4,3,0.25,453.17,0.00
172.64.82.164,4,3,0.25,464.79,0.00
172.64.36.69,4,3,0.25,485.61,0.00
172.65.198.10,4,3,0.25,496.35,0.00
172.66.47.225,4,3,0.25,497.51,0.00
172.65.249.198,4,3,0.25,498.29,0.00
172.65.194.135,4,3,0.25,505.53,0.00
172.64.151.175,4,3,0.25,508.31,0.00
172.64.158.43,4,3,0.25,508.78,0.00
172.64.88.102,4,3,0.25,525.45,0.00
172.65.245.8,4,3,0.25,531.37,0.00
172.64.144.93,4,3,0.25,588.44,0.00
172.65.228.152,4,3,0.25,598.90,0.00
172.65.208.174,4,3,0.25,648.92,0.00
172.65.206.34,4,3,0.25,687.74,0.00
172.65.216.14,4,3,0.25,690.07,0.00
172.64.156.36,4,3,0.25,691.54,0.00
172.64.95.126,4,3,0.25,762.25,0.00
172.64.147.182,4,3,0.25,891.86,0.00
172.67.28.179,4,2,0.50,154.21,0.00
172.64.102.49,4,2,0.50,155.68,0.00
172.64.161.166,4,2,0.50,157.41,0.00
172.67.40.237,4,2,0.50,159.83,0.00
172.67.27.83,4,2,0.50,160.22,0.00
172.67.36.95,4,2,0.50,160.64,0.00
104.22.63.196,4,2,0.50,160.67,0.00
172.64.168.201,4,2,0.50,160.72,0.00
104.22.62.166,4,2,0.50,162.10,0.00
172.67.26.104,4,2,0.50,162.82,0.00
172.65.90.38,4,2,0.50,163.50,0.00
172.67.42.44,4,2,0.50,163.64,0.00
172.64.154.216,4,2,0.50,164.00,0.00
104.21.238.148,4,2,0.50,164.82,0.00
104.21.235.2,4,2,0.50,164.82,0.00
172.64.167.21,4,2,0.50,165.25,0.00
172.64.195.103,4,2,0.50,165.39,0.00
172.67.30.9,4,2,0.50,165.71,0.00
104.21.232.80,4,2,0.50,165.72,0.00
104.21.224.253,4,2,0.50,166.08,0.00
172.64.146.49,4,2,0.50,166.90,0.00
172.64.166.169,4,2,0.50,167.79,0.00
172.64.173.240,4,2,0.50,168.00,0.00
172.65.85.112,4,2,0.50,168.38,0.00
172.64.98.174,4,2,0.50,168.87,0.00
104.21.227.104,4,2,0.50,169.21,0.00
104.21.239.105,4,2,0.50,171.26,0.00
172.64.193.134,4,2,0.50,174.67,0.00
172.64.163.110,4,2,0.50,177.20,0.00
172.67.45.199,4,2,0.50,182.77,0.00
172.67.17.9,4,2,0.50,185.42,0.00
172.67.185.197,4,2,0.50,193.57,0.00
172.67.240.48,4,2,0.50,194.77,0.00
172.65.50.162,4,2,0.50,196.95,0.00
172.67.131.8,4,2,0.50,198.91,0.00
172.67.129.18,4,2,0.50,199.87,0.00
172.67.195.177,4,2,0.50,200.36,0.00
172.67.181.51,4,2,0.50,200.48,0.00
172.65.45.242,4,2,0.50,200.92,0.00
172.67.242.36,4,2,0.50,200.96,0.00
172.67.214.241,4,2,0.50,201.00,0.00
172.65.47.202,4,2,0.50,201.53,0.00
172.67.230.19,4,2,0.50,201.95,0.00
172.67.231.243,4,2,0.50,202.24,0.00
172.65.6.106,4,2,0.50,202.79,0.00
172.67.156.229,4,2,0.50,203.48,0.00
172.67.218.101,4,2,0.50,203.66,0.00
172.67.217.42,4,2,0.50,204.02,0.00
172.67.244.158,4,2,0.50,204.34,0.00
172.67.220.109,4,2,0.50,204.76,0.00
172.67.196.76,4,2,0.50,204.87,0.00
172.67.134.19,4,2,0.50,205.87,0.00
172.67.224.49,4,2,0.50,206.17,0.00
172.67.238.8,4,2,0.50,206.30,0.00
172.65.27.154,4,2,0.50,206.54,0.00
172.65.48.249,4,2,0.50,206.69,0.00
172.67.194.55,4,2,0.50,207.24,0.00
172.67.236.193,4,2,0.50,207.37,0.00
104.21.119.72,4,2,0.50,207.45,0.00
172.67.234.69,4,2,0.50,207.79,0.00
172.67.130.238,4,2,0.50,207.96,0.00
172.65.17.228,4,2,0.50,208.38,0.00
104.21.101.207,4,2,0.50,208.48,0.00
104.29.69.79,4,2,0.50,208.98,0.00
172.65.54.65,4,2,0.50,209.41,0.00
172.67.228.183,4,2,0.50,209.53,0.00
104.21.88.69,4,2,0.50,210.06,0.00
104.21.213.78,4,2,0.50,210.44,0.00
172.67.229.174,4,2,0.50,210.51,0.00
172.67.164.200,4,2,0.50,210.73,0.00
104.24.162.24,4,2,0.50,211.22,0.00
172.65.49.158,4,2,0.50,211.23,0.00
172.67.237.165,4,2,0.50,211.24,0.00
104.21.107.152,4,2,0.50,211.32,0.00
172.67.155.13,4,2,0.50,211.88,0.00
104.20.169.113,4,2,0.50,212.56,0.00
172.67.193.59,4,2,0.50,212.75,0.00
104.21.211.78,4,2,0.50,212.77,0.00
104.27.57.198,4,2,0.50,212.96,0.00
172.65.250.57,4,2,0.50,213.74,0.00
104.21.98.144,4,2,0.50,213.81,0.00
104.21.81.163,4,2,0.50,213.82,0.00
104.21.34.112,4,2,0.50,214.14,0.00
104.25.178.105,4,2,0.50,214.28,0.00
172.67.74.74,4,2,0.50,215.14,0.00
172.67.120.121,4,2,0.50,215.26,0.00
104.25.233.214,4,2,0.50,215.36,0.00
104.25.62.92,4,2,0.50,215.40,0.00
104.21.92.171,4,2,0.50,215.53,0.00
104.21.56.229,4,2,0.50,215.59,0.00
172.67.219.235,4,2,0.50,215.60,0.00
172.67.204.186,4,2,0.50,215.61,0.00
172.67.170.64,4,2,0.50,215.99,0.00
104.24.75.148,4,2,0.50,216.03,0.00
104.21.36.186,4,2,0.50,216.10,0.00
104.24.12.76,4,2,0.50,216.34,0.00
172.67.209.105,4,2,0.50,216.38,0.00
104.25.159.212,4,2,0.50,216.65,0.00
172.67.77.37,4,2,0.50,216.67,0.00
104.24.22.237,4,2,0.50,217.16,0.00
104.25.171.18,4,2,0.50,217.17,0.00
104.21.97.150,4,2,0.50,217.41,0.00
104.24.232.66,4,2,0.50,217.50,0.00
172.65.21.150,4,2,0.50,217.50,0.00
104.25.28.117,4,2,0.50,217.69,0.00
172.67.113.42,4,2,0.50,217.77,0.00
104.24.200.98,4,2,0.50,217.79,0.00
172.65.121.239,4,2,0.50,217.93,0.00
104.22.3.30,4,2,0.50,218.02,0.00
104.22.69.178,4,2,0.50,218.04,0.00
172.67.72.41,4,2,0.50,218.60,0.00
172.67.65.155,4,2,0.50,218.69,0.00
172.67.112.60,4,2,0.50,218.93,0.00
104.27.124.172,4,2,0.50,219.05,0.00
104.23.115.205,4,2,0.50,219.10,0.00
172.67.93.169,4,2,0.50,219.24,0.00
172.67.124.63,4,2,0.50,219.29,0.00
172.67.210.137,4,2,0.50,219.93,0.00
104.24.85.92,4,2,0.50,219.95,0.00
104.24.189.184,4,2,0.50,220.32,0.00
104.25.29.129,4,2,0.50,220.35,0.00
104.24.203.129,4,2,0.50,220.62,0.00
104.24.80.56,4,2,0.50,220.75,0.00
104.24.233.99,4,2,0.50,220.87,0.00
104.25.25.150,4,2,0.50,221.05,0.00
104.25.197.131,4,2,0.50,221.16,0.00
104.25.132.85,4,2,0.50,221.31,0.00
104.25.162.227,4,2,0.50,221.36,0.00
104.20.178.88,4,2,0.50,221.42,0.00
104.25.26.55,4,2,0.50,221.46,0.00
104.21.3.62,4,2,0.50,221.59,0.00
104.25.4.65,4,2,0.50,221.62,0.00
104.25.89.107,4,2,0.50,221.91,0.00
104.25.43.108,4,2,0.50,222.00,0.00
104.25.169.8,4,2,0.50,222.05,0.00
104.24.69.213,4,2,0.50,222.14,0.00
104.24.65.63,4,2,0.50,222.30,0.00
172.65.59.12,4,2,0.50,222.31,0.00
172.67.100.120,4,2,0.50,222.36,0.00
172.65.124.7,4,2,0.50,222.41,0.00
172.65.117.72,4,2,0.50,222.44,0.00
104.21.12.39,4,2,0.50,222.47,0.00
104.24.62.5,4,2,0.50,222.61,0.00
104.24.35.248,4,2,0.50,222.73,0.00
172.65.79.84,4,2,0.50,222.74,0.00
104.21.117.165,4,2,0.50,222.88,0.00
104.25.80.205,4,2,0.50,223.13,0.00
104.24.30.194,4,2,0.50,223.16,0.00
104.20.177.43,4,2,0.50,223.31,0.00
104.24.209.81,4,2,0.50,223.37,0.00
104.23.135.179,4,2,0.50,223.41,0.00
172.65.123.11,4,2,0.50,223.47,0.00
104.27.122.166,4,2,0.50,223.49,0.00
172.67.108.221,4,2,0.50,223.54,0.00
104.22.34.191,4,2,0.50,223.66,0.00
104.21.214.158,4,2,0.50,223.82,0.00
172.67.51.62,4,2,0.50,223.91,0.00
104.29.67.30,4,2,0.50,224.02,0.00
104.25.15.93,4,2,0.50,224.12,0.00
104.22.41.162,4,2,0.50,224.13,0.00
104.24.19.244,4,2,0.50,224.25,0.00
172.65.122.61,4,2,0.50,224.38,0.00
104.25.19.146,4,2,0.50,224.58,0.00
104.27.55.90,4,2,0.50,224.65,0.00
104.24.59.187,4,2,0.50,224.75,0.00
104.24.195.225,4,2,0.50,224.76,0.00
104.23.139.61,4,2,0.50,224.76,0.00
172.67.114.192,4,2,0.50,224.83,0.00
104.22.79.4,4,2,0.50,224.85,0.00
104.27.121.189,4,2,0.50,224.87,0.00
104.25.58.85,4,2,0.50,224.90,0.00
104.27.7.13,4,2,0.50,224.97,0.00
104.25.95.179,4,2,0.50,224.99,0.00
104.25.189.231,4,2,0.50,225.00,0.00
104.25.16.137,4,2,0.50,225.19,0.00
104.25.91.237,4,2,0.50,225.32,0.00
172.66.171.184,4,2,0.50,225.40,0.00
104.25.18.134,4,2,0.50,225.41,0.00
104.21.8.232,4,2,0.50,225.42,0.00
172.66.197.170,4,2,0.50,225.50,0.00
104.21.0.62,4,2,0.50,225.52,0.00
104.27.205.32,4,2,0.50,225.55,0.00
104.27.51.126,4,2,0.50,225.63,0.00
104.25.13.54,4,2,0.50,225.79,0.00
104.27.84.15,4,2,0.50,225.94,0.00
104.27.42.172,4,2,0.50,226.03,0.00
104.25.41.199,4,2,0.50,226.13,0.00
104.25.10.93,4,2,0.50,226.15,0.00
172.65.180.250,4,2,0.50,226.24,0.00
172.65.144.31,4,2,0.50,226.45,0.00
104.25.94.126,4,2,0.50,226.52,0.00
104.25.17.245,4,2,0.50,226.62,0.00
172.65.120.215,4,2,0.50,226.68,0.00
104.21.113.152,4,2,0.50,226.69,0.00
104.24.210.83,4,2,0.50,226.81,0.00
104.27.41.189,4,2,0.50,226.93,0.00
104.25.182.112,4,2,0.50,226.99,0.00
104.24.24.83,4,2,0.50,227.09,0.00
104.22.65.245,4,2,0.50,227.32,0.00
104.25.12.120,4,2,0.50,227.76,0.00
172.65.152.181,4,2,0.50,227.77,0.00
172.65.143.111,4,2,0.50,227.85,0.00
104.25.186.0,4,2,0.50,227.88,0.00
104.25.23.216,4,2,0.50,228.08,0.00
104.25.188.169,4,2,0.50,228.11,0.00
104.25.168.175,4,2,0.50,228.33,0.00
172.65.138.210,4,2,0.50,228.36,0.00
104.24.57.56,4,2,0.50,228.52,0.00
172.67.109.226,4,2,0.50,228.66,0.00
172.67.241.190,4,2,0.50,228.68,0.00
104.27.114.34,4,2,0.50,228.68,0.00
104.20.156.55,4,2,0.50,228.69,0.00
172.65.125.212,4,2,0.50,228.72,0.00
104.23.141.203,4,2,0.50,228.79,0.00
172.67.85.140,4,2,0.50,228.84,0.00
104.24.72.8,4,2,0.50,228.91,0.00
172.67.122.171,4,2,0.50,229.01,0.00
104.25.181.251,4,2,0.50,229.21,0.00
172.67.197.22,4,2,0.50,229.22,0.00
104.24.42.5,4,2,0.50,229.41,0.00
172.65.146.57,4,2,0.50,229.49,0.00
104.20.147.145,4,2,0.50,229.56,0.00
104.20.159.96,4,2,0.50,229.60,0.00
104.24.67.220,4,2,0.50,229.69,0.00
104.22.14.64,4,2,0.50,229.93,0.00
104.25.84.74,4,2,0.50,230.07,0.00
104.24.74.180,4,2,0.50,230.29,0.00
104.22.66.103,4,2,0.50,230.35,0.00
104.20.182.221,4,2,0.50,230.39,0.00
104.24.66.128,4,2,0.50,230.39,0.00
104.22.78.35,4,2,0.50,230.47,0.00
104.25.179.46,4,2,0.50,230.60,0.00
104.25.88.179,4,2,0.50,230.71,0.00
104.25.24.68,4,2,0.50,230.73,0.00
172.67.118.50,4,2,0.50,230.74,0.00
104.21.57.188,4,2,0.50,230.89,0.00
104.27.49.214,4,2,0.50,231.04,0.00
104.24.78.236,4,2,0.50,231.18,0.00
104.20.190.115,4,2,0.50,231.19,0.00
104.20.183.55,4,2,0.50,231.21,0.00
104.23.108.24,4,2,0.50,231.22,0.00
104.20.215.131,4,2,0.50,231.24,0.00
104.25.8.220,4,2,0.50,231.50,0.00
104.27.79.76,4,2,0.50,232.06,0.00
104.25.180.74,4,2,0.50,232.07,0.00
104.24.58.128,4,2,0.50,232.25,0.00
104.24.221.174,4,2,0.50,232.35,0.00
104.25.131.205,4,2,0.50,232.53,0.00
172.65.126.56,4,2,0.50,232.64,0.00
104.25.14.35,4,2,0.50,232.83,0.00
104.20.193.237,4,2,0.50,232.98,0.00
172.66.194.121,4,2,0.50,233.14,0.00
104.20.200.228,4,2,0.50,233.24,0.00
172.65.115.195,4,2,0.50,233.33,0.00
104.21.22.236,4,2,0.50,233.54,0.00
172.67.102.142,4,2,0.50,233.57,0.00
104.20.150.57,4,2,0.50,233.81,0.00
172.67.115.208,4,2,0.50,233.92,0.00
104.24.6.94,4,2,0.50,233.96,0.00
104.25.82.103,4,2,0.50,234.21,0.00
104.25.191.161,4,2,0.50,234.57,0.00
172.65.77.100,4,2,0.50,234.72,0.00
104.27.48.105,4,2,0.50,235.08,0.00
104.20.145.0,4,2,0.50,235.46,0.00
104.23.128.130,4,2,0.50,235.77,0.00
104.20.228.17,4,2,0.50,235.88,0.00
104.25.90.93,4,2,0.50,236.18,0.00
104.21.45.154,4,2,0.50,236.23,0.00
104.25.79.249,4,2,0.50,236.24,0.00
104.27.80.159,4,2,0.50,236.97,0.00
104.23.126.66,4,2,0.50,237.07,0.00
104.24.89.198,4,2,0.50,237.08,0.00
104.27.125.226,4,2,0.50,237.37,0.00
104.23.111.207,4,2,0.50,237.82,0.00
104.20.205.14,4,2,0.50,238.35,0.00
104.24.73.100,4,2,0.50,238.67,0.00
104.20.213.129,4,2,0.50,239.12,0.00
104.25.196.115,4,2,0.50,239.21,0.00
104.25.2.153,4,2,0.50,239.35,0.00
104.25.20.136,4,2,0.50,240.18,0.00
172.67.116.153,4,2,0.50,240.70,0.00
104.20.170.142,4,2,0.50,241.50,0.00
104.20.181.183,4,2,0.50,241.89,0.00
104.25.47.18,4,2,0.50,242.14,0.00
104.25.86.112,4,2,0.50,242.15,0.00
104.25.134.192,4,2,0.50,242.43,0.00
172.67.117.175,4,2,0.50,243.12,0.00
104.20.187.222,4,2,0.50,243.37,0.00
172.67.119.146,4,2,0.50,243.70,0.00
104.27.71.112,4,2,0.50,243.78,0.00
104.27.62.114,4,2,0.50,243.93,0.00
104.20.151.99,4,2,0.50,244.08,0.00
104.25.11.98,4,2,0.50,244.23,0.00
104.22.37.152,4,2,0.50,244.24,0.00
104.20.201.189,4,2,0.50,244.29,0.00
104.23.131.151,4,2,0.50,244.43,0.00
104.20.212.12,4,2,0.50,244.71,0.00
104.21.18.228,4,2,0.50,245.45,0.00
172.67.107.250,4,2,0.50,246.33,0.00
104.24.18.172,4,2,0.50,247.03,0.00
104.20.204.40,4,2,0.50,247.30,0.00
104.20.166.160,4,2,0.50,247.92,0.00
104.25.31.4,4,2,0.50,248.59,0.00
104.22.64.234,4,2,0.50,249.94,0.00
104.25.135.245,4,2,0.50,251.34,0.00
104.25.198.107,4,2,0.50,255.04,0.00
104.21.9.170,4,2,0.50,259.83,0.00
172.66.46.91,4,2,0.50,266.25,0.00
104.20.225.238,4,2,0.50,275.88,0.00
172.64.69.79,4,2,0.50,280.89,0.00
104.20.210.155,4,2,0.50,282.05,0.00
172.65.255.242,4,2,0.50,344.39,0.00
172.64.234.129,4,2,0.50,348.56,0.00
172.66.1.14,4,2,0.50,351.69,0.00
172.64.15.121,4,2,0.50,384.13,0.00
172.64.5.147,4,2,0.50,394.86,0.00
172.64.12.73,4,2,0.50,402.36,0.00
172.64.2.198,4,2,0.50,412.45,0.00
172.64.4.68,4,2,0.50,415.54,0.00
172.65.244.5,4,2,0.50,462.42,0.00
172.64.52.23,4,2,0.50,505.03,0.00
172.65.241.126,4,2,0.50,511.13,0.00
172.65.253.153,4,2,0.50,546.42,0.00
172.65.240.227,4,2,0.50,555.75,0.00
172.65.254.230,4,2,0.50,562.49,0.00
172.64.230.76,4,2,0.50,564.69,0.00
172.66.2.67,4,2,0.50,600.82,0.00
172.64.92.63,4,2,0.50,628.52,0.00
172.66.0.246,4,2,0.50,632.13,0.00
172.65.219.164,4,2,0.50,641.65,0.00
172.65.234.145,4,2,0.50,677.08,0.00
172.65.242.120,4,2,0.50,802.57,0.00
172.65.236.96,4,2,0.50,812.34,0.00
172.65.237.157,4,2,0.50,822.02,0.00
172.65.252.201,4,2,0.50,841.34,0.00
172.65.238.213,4,2,0.50,859.71,0.00
172.65.243.158,4,2,0.50,874.87,0.00
172.65.239.191,4,2,0.50,908.01,0.00
172.64.229.22,4,1,0.75,119.50,0.00
104.22.22.10,4,1,0.75,149.90,0.00
172.64.108.97,4,1,0.75,153.75,0.00
172.64.175.137,4,1,0.75,155.64,0.00
172.67.47.179,4,1,0.75,158.19,0.00
172.64.101.175,4,1,0.75,158.43,0.00
172.64.105.55,4,1,0.75,158.43,0.00
172.64.199.241,4,1,0.75,158.72,0.00
104.22.54.192,4,1,0.75,159.61,0.00
172.64.200.214,4,1,0.75,160.60,0.00
172.64.135.187,4,1,0.75,160.67,0.00
172.65.91.32,4,1,0.75,161.20,0.00
104.22.61.168,4,1,0.75,161.43,0.00
104.22.50.40,4,1,0.75,161.50,0.00
172.67.43.241,4,1,0.75,161.52,0.00
104.22.58.165,4,1,0.75,161.59,0.00
172.67.34.10,4,1,0.75,162.13,0.00
104.22.55.4,4,1,0.75,162.23,0.00
172.64.194.96,4,1,0.75,162.26,0.00
172.64.136.149,4,1,0.75,162.52,0.00
172.65.93.202,4,1,0.75,163.03,0.00
172.64.170.200,4,1,0.75,163.08,0.00
172.67.24.93,4,1,0.75,163.14,0.00
172.64.103.48,4,1,0.75,163.83,0.00
172.64.201.134,4,1,0.75,163.88,0.00
172.64.171.82,4,1,0.75,164.06,0.00
104.22.49.235,4,1,0.75,164.09,0.00
172.64.104.166,4,1,0.75,164.39,0.00
172.65.88.27,4,1,0.75,164.66,0.00
172.64.160.236,4,1,0.75,164.86,0.00
172.64.169.57,4,1,0.75,165.80,0.00
172.64.164.86,4,1,0.75,166.31,0.00
104.22.57.83,4,1,0.75,166.41,0.00
172.64.106.104,4,1,0.75,166.85,0.00
172.64.107.134,4,1,0.75,167.58,0.00
104.22.26.162,4,1,0.75,168.71,0.00
104.22.25.41,4,1,0.75,168.98,0.00
104.22.23.19,4,1,0.75,168.99,0.00
172.64.111.19,4,1,0.75,169.10,0.00
172.64.138.77,4,1,0.75,169.64,0.00
172.64.130.168,4,1,0.75,169.76,0.00
104.22.18.178,4,1,0.75,170.21,0.00
172.64.174.4,4,1,0.75,172.36,0.00
104.21.237.81,4,1,0.75,172.66,0.00
104.22.21.46,4,1,0.75,172.79,0.00
104.22.27.63,4,1,0.75,172.82,0.00
104.22.17.86,4,1,0.75,172.82,0.00
104.22.29.29,4,1,0.75,173.33,0.00
172.64.99.3,4,1,0.75,174.04,0.00
104.22.16.112,4,1,0.75,174.55,0.00
104.21.230.153,4,1,0.75,174.70,0.00
172.64.100.84,4,1,0.75,175.40,0.00
172.65.81.82,4,1,0.75,175.55,0.00
172.67.35.119,4,1,0.75,175.70,0.00
104.21.234.66,4,1,0.75,176.31,0.00
104.21.233.24,4,1,0.75,177.66,0.00
104.21.228.53,4,1,0.75,177.66,0.00
104.22.20.173,4,1,0.75,178.22,0.00
104.22.28.147,4,1,0.75,180.35,0.00
104.22.19.58,4,1,0.75,186.21,0.00
172.64.196.138,4,1,0.75,186.25,0.00
172.64.128.234,4,1,0.75,186.74,0.00
172.64.198.7,4,1,0.75,186.97,0.00
172.67.140.88,4,1,0.75,192.19,0.00
104.21.210.64,4,1,0.75,195.02,0.00
172.64.86.215,4,1,0.75,197.57,0.00
104.21.104.195,4,1,0.75,198.77,0.00
104.21.221.192,4,1,0.75,198.95,0.00
104.21.84.252,4,1,0.75,201.63,0.00
172.67.177.152,4,1,0.75,201.82,0.00
172.67.173.120,4,1,0.75,203.21,0.00
104.21.199.228,4,1,0.75,203.78,0.00
104.21.197.144,4,1,0.75,204.19,0.00
104.21.216.214,4,1,0.75,204.40,0.00
172.67.135.103,4,1,0.75,205.09,0.00
172.65.57.33,4,1,0.75,205.59,0.00
104.21.220.207,4,1,0.75,205.71,0.00
172.67.149.202,4,1,0.75,206.00,0.00
172.65.55.58,4,1,0.75,206.67,0.00
104.21.208.101,4,1,0.75,206.95,0.00
172.67.157.55,4,1,0.75,207.02,0.00
172.67.160.115,4,1,0.75,207.59,0.00
172.65.12.152,4,1,0.75,207.71,0.00
172.67.178.11,4,1,0.75,207.73,0.00
172.67.138.214,4,1,0.75,208.65,0.00
172.67.159.105,4,1,0.75,208.81,0.00
172.67.169.39,4,1,0.75,209.75,0.00
172.65.62.209,4,1,0.75,209.80,0.00
172.67.174.83,4,1,0.75,209.99,0.00
172.67.163.232,4,1,0.75,211.13,0.00
104.21.50.196,4,1,0.75,211.20,0.00
104.21.46.213,4,1,0.75,211.21,0.00
104.21.85.146,4,1,0.75,211.77,0.00
172.67.165.198,4,1,0.75,212.14,0.00
104.21.59.114,4,1,0.75,212.55,0.00
104.21.20.250,4,1,0.75,212.55,0.00
172.65.128.57,4,1,0.75,212.73,0.00
104.25.200.8,4,1,0.75,213.42,0.00
104.21.5.90,4,1,0.75,213.66,0.00
172.67.176.193,4,1,0.75,213.66,0.00
104.21.14.218,4,1,0.75,214.16,0.00
104.22.42.56,4,1,0.75,214.42,0.00
104.24.205.68,4,1,0.75,214.88,0.00
172.67.139.166,4,1,0.75,215.04,0.00
172.67.175.192,4,1,0.75,215.05,0.00
104.24.159.161,4,1,0.75,215.32,0.00
172.67.144.218,4,1,0.75,215.55,0.00
104.24.160.106,4,1,0.75,215.93,0.00
172.65.148.137,4,1,0.75,216.08,0.00
172.65.18.75,4,1,0.75,216.11,0.00
172.65.63.253,4,1,0.75,216.34,0.00
104.25.136.219,4,1,0.75,216.49,0.00
104.21.53.39,4,1,0.75,216.70,0.00
104.24.207.95,4,1,0.75,216.70,0.00
172.67.162.23,4,1,0.75,216.71,0.00
172.65.156.119,4,1,0.75,216.82,0.00
104.27.78.141,4,1,0.75,216.95,0.00
104.24.193.230,4,1,0.75,217.13,0.00
104.21.207.170,4,1,0.75,217.31,0.00
172.65.13.67,4,1,0.75,217.61,0.00
104.21.215.84,4,1,0.75,217.67,0.00
104.25.213.125,4,1,0.75,219.35,0.00
172.67.66.40,4,1,0.75,219.81,0.00
104.27.77.103,4,1,0.75,220.09,0.00
104.21.196.20,4,1,0.75,220.16,0.00
104.21.194.107,4,1,0.75,220.16,0.00
104.25.40.122,4,1,0.75,220.26,0.00
172.65.179.94,4,1,0.75,220.28,0.00
104.24.137.193,4,1,0.75,220.40,0.00
172.67.171.162,4,1,0.75,220.59,0.00
104.21.23.19,4,1,0.75,220.78,0.00
104.22.44.41,4,1,0.75,220.97,0.00
104.21.7.3,4,1,0.75,220.99,0.00
172.67.143.39,4,1,0.75,221.04,0.00
104.25.216.1,4,1,0.75,221.14,0.00
104.24.248.25,4,1,0.75,221.23,0.00
104.21.77.105,4,1,0.75,221.30,0.00
104.25.204.197,4,1,0.75,221.36,0.00
172.65.145.131,4,1,0.75,221.52,0.00
172.65.135.130,4,1,0.75,221.52,0.00
104.21.1.241,4,1,0.75,221.54,0.00
104.21.201.232,4,1,0.75,221.66,0.00
104.20.188.116,4,1,0.75,221.85,0.00
104.25.101.7,4,1,0.75,221.87,0.00
104.24.185.69,4,1,0.75,221.95,0.00
172.66.129.228,4,1,0.75,221.99,0.00
104.21.58.195,4,1,0.75,222.08,0.00
104.24.227.141,4,1,0.75,222.25,0.00
104.24.202.94,4,1,0.75,222.28,0.00
104.25.202.53,4,1,0.75,222.49,0.00
172.65.168.91,4,1,0.75,222.76,0.00
104.22.39.62,4,1,0.75,222.80,0.00
104.21.33.145,4,1,0.75,222.89,0.00
104.21.218.230,4,1,0.75,222.93,0.00
104.25.150.207,4,1,0.75,223.05,0.00
104.25.161.135,4,1,0.75,223.05,0.00
104.24.220.40,4,1,0.75,223.26,0.00
104.25.44.187,4,1,0.75,223.29,0.00
104.25.209.251,4,1,0.75,223.55,0.00
104.24.252.56,4,1,0.75,223.65,0.00
104.21.29.247,4,1,0.75,223.73,0.00
104.24.179.225,4,1,0.75,223.88,0.00
172.65.159.168,4,1,0.75,223.89,0.00
104.27.75.23,4,1,0.75,223.93,0.00
104.25.219.78,4,1,0.75,224.23,0.00
104.27.21.125,4,1,0.75,224.35,0.00
104.24.187.249,4,1,0.75,224.45,0.00
104.23.134.33,4,1,0.75,224.51,0.00
104.22.10.92,4,1,0.75,224.58,0.00
104.25.49.7,4,1,0.75,224.65,0.00
104.27.72.223,4,1,0.75,224.76,0.00
104.25.37.251,4,1,0.75,224.90,0.00
104.27.65.86,4,1,0.75,224.95,0.00
104.24.186.198,4,1,0.75,224.97,0.00
104.25.242.31,4,1,0.75,225.07,0.00
104.25.52.152,4,1,0.75,225.08,0.00
104.25.217.74,4,1,0.75,225.09,0.00
104.22.70.167,4,1,0.75,225.35,0.00
104.24.182.132,4,1,0.75,225.44,0.00
104.25.157.99,4,1,0.75,225.49,0.00
104.25.215.209,4,1,0.75,225.51,0.00
172.66.136.137,4,1,0.75,225.59,0.00
104.25.100.225,4,1,0.75,225.63,0.00
104.25.105.27,4,1,0.75,225.71,0.00
172.67.59.208,4,1,0.75,225.76,0.00
172.65.127.43,4,1,0.75,225.85,0.00
104.24.180.94,4,1,0.75,225.91,0.00
104.20.207.203,4,1,0.75,226.01,0.00
104.21.204.164,4,1,0.75,226.03,0.00
104.24.238.99,4,1,0.75,226.11,0.00
172.65.133.211,4,1,0.75,226.15,0.00
104.27.26.156,4,1,0.75,226.16,0.00
172.65.142.73,4,1,0.75,226.37,0.00
104.24.214.57,4,1,0.75,226.55,0.00
104.25.211.252,4,1,0.75,226.64,0.00
172.67.56.245,4,1,0.75,226.76,0.00
172.65.137.216,4,1,0.75,226.87,0.00
104.25.212.36,4,1,0.75,226.89,0.00
104.25.59.12,4,1,0.75,226.92,0.00
104.25.174.38,4,1,0.75,227.00,0.00
104.25.99.182,4,1,0.75,227.02,0.00
104.22.47.3,4,1,0.75,227.22,0.00
104.22.45.76,4,1,0.75,227.39,0.00
172.67.57.66,4,1,0.75,227.52,0.00
104.25.56.92,4,1,0.75,227.53,0.00
172.65.140.162,4,1,0.75,227.59,0.00
172.65.164.152,4,1,0.75,227.62,0.00
172.67.62.184,4,1,0.75,227.69,0.00
172.65.158.155,4,1,0.75,227.80,0.00
104.25.143.33,4,1,0.75,227.85,0.00
172.65.65.0,4,1,0.75,228.02,0.00
104.25.227.168,4,1,0.75,228.03,0.00
104.25.210.180,4,1,0.75,228.14,0.00
104.25.185.146,4,1,0.75,228.18,0.00
104.24.194.62,4,1,0.75,228.19,0.00
172.66.204.111,4,1,0.75,228.24,0.00
172.65.160.210,4,1,0.75,228.25,0.00
104.24.237.41,4,1,0.75,228.28,0.00
104.24.228.161,4,1,0.75,228.30,0.00
172.67.68.50,4,1,0.75,228.36,0.00
104.21.217.162,4,1,0.75,228.36,0.00
104.24.188.245,4,1,0.75,228.61,0.00
104.25.50.54,4,1,0.75,228.88,0.00
104.24.234.109,4,1,0.75,229.19,0.00
104.25.165.13,4,1,0.75,229.29,0.00
104.22.40.149,4,1,0.75,229.32,0.00
104.25.33.243,4,1,0.75,229.34,0.00
172.65.132.196,4,1,0.75,229.55,0.00
104.27.17.77,4,1,0.75,229.78,0.00
104.25.158.97,4,1,0.75,230.05,0.00
104.24.198.72,4,1,0.75,230.07,0.00
104.24.176.222,4,1,0.75,230.08,0.00
104.25.142.156,4,1,0.75,230.39,0.00
104.25.141.244,4,1,0.75,230.44,0.00
104.25.177.243,4,1,0.75,230.83,0.00
104.24.92.200,4,1,0.75,230.88,0.00
172.65.154.24,4,1,0.75,230.88,0.00
104.25.190.156,4,1,0.75,231.01,0.00
104.24.208.166,4,1,0.75,231.39,0.00
172.65.64.65,4,1,0.75,231.45,0.00
104.24.161.156,4,1,0.75,231.58,0.00
104.25.222.142,4,1,0.75,231.82,0.00
104.20.214.38,4,1,0.75,231.96,0.00
104.25.175.143,4,1,0.75,232.06,0.00
104.20.245.220,4,1,0.75,232.16,0.00
172.67.60.108,4,1,0.75,232.19,0.00
104.25.102.190,4,1,0.75,232.21,0.00
104.25.206.8,4,1,0.75,232.23,0.00
104.27.64.90,4,1,0.75,232.28,0.00
104.22.33.181,4,1,0.75,232.32,0.00
104.24.216.110,4,1,0.75,232.33,0.00
172.65.150.223,4,1,0.75,232.33,0.00
104.25.167.175,4,1,0.75,232.53,0.00
172.65.139.209,4,1,0.75,232.64,0.00
104.25.214.64,4,1,0.75,232.74,0.00
104.24.168.129,4,1,0.75,232.78,0.00
104.22.38.161,4,1,0.75,232.86,0.00
104.22.36.32,4,1,0.75,232.86,0.00
104.25.48.58,4,1,0.75,232.87,0.00
104.24.211.83,4,1,0.75,232.87,0.00
172.65.153.174,4,1,0.75,233.10,0.00
172.65.155.167,4,1,0.75,233.10,0.00
172.65.157.136,4,1,0.75,233.10,0.00
104.24.196.38,4,1,0.75,233.13,0.00
104.25.255.25,4,1,0.75,233.24,0.00
104.27.91.162,4,1,0.75,233.37,0.00
104.22.35.185,4,1,0.75,233.50,0.00
104.25.207.172,4,1,0.75,233.63,0.00
104.21.52.228,4,1,0.75,233.67,0.00
104.24.190.22,4,1,0.75,233.67,0.00
104.24.225.65,4,1,0.75,233.67,0.00
104.22.4.13,4,1,0.75,233.73,0.00
104.25.194.111,4,1,0.75,233.73,0.00
104.20.179.129,4,1,0.75,233.77,0.00
104.27.70.67,4,1,0.75,233.83,0.00
104.25.146.162,4,1,0.75,233.92,0.00
104.27.86.2,4,1,0.75,234.07,0.00
104.24.184.172,4,1,0.75,234.28,0.00
104.27.83.220,4,1,0.75,234.31,0.00
104.25.151.34,4,1,0.75,234.49,0.00
104.22.32.251,4,1,0.75,234.49,0.00
104.24.235.187,4,1,0.75,234.63,0.00
104.27.20.87,4,1,0.75,234.64,0.00
172.65.141.2,4,1,0.75,234.72,0.00
104.27.18.221,4,1,0.75,234.76,0.00
104.27.16.185,4,1,0.75,235.04,0.00
104.25.184.227,4,1,0.75,235.05,0.00
104.25.195.147,4,1,0.75,235.11,0.00
172.65.151.242,4,1,0.75,235.15,0.00
172.65.5.105,4,1,0.75,235.34,0.00
104.24.197.29,4,1,0.75,235.37,0.00
104.24.191.28,4,1,0.75,235.42,0.00
104.25.152.31,4,1,0.75,235.57,0.00
104.21.192.112,4,1,0.75,235.97,0.00
104.23.109.76,4,1,0.75,236.02,0.00
104.24.178.76,4,1,0.75,236.37,0.00
104.21.25.58,4,1,0.75,236.69,0.00
104.25.201.190,4,1,0.75,237.35,0.00
104.25.38.47,4,1,0.75,237.49,0.00
172.65.147.165,4,1,0.75,237.50,0.00
104.25.148.50,4,1,0.75,237.61,0.00
104.25.155.240,4,1,0.75,237.61,0.00
104.25.57.198,4,1,0.75,237.62,0.00
104.27.69.87,4,1,0.75,237.62,0.00
104.25.60.41,4,1,0.75,238.10,0.00
104.25.176.71,4,1,0.75,238.47,0.00
104.24.212.135,4,1,0.75,238.65,0.00
104.27.87.100,4,1,0.75,238.73,0.00
172.65.169.113,4,1,0.75,239.36,0.00
104.25.208.108,4,1,0.75,239.55,0.00
172.67.132.70,4,1,0.75,239.87,0.00
104.20.240.194,4,1,0.75,239.89,0.00
104.27.68.201,4,1,0.75,240.16,0.00
104.27.11.209,4,1,0.75,240.20,0.00
104.24.244.30,4,1,0.75,241.06,0.00
104.27.6.114,4,1,0.75,241.10,0.00
104.25.172.79,4,1,0.75,241.67,0.00
104.21.27.31,4,1,0.75,242.48,0.00
104.21.64.13,4,1,0.75,242.65,0.00
104.21.4.102,4,1,0.75,242.65,0.00
104.23.129.15,4,1,0.75,242.87,0.00
104.20.184.218,4,1,0.75,243.05,0.00
172.65.163.131,4,1,0.75,243.10,0.00
104.21.75.118,4,1,0.75,243.25,0.00
104.21.41.90,4,1,0.75,243.56,0.00
104.20.161.93,4,1,0.75,244.74,0.00
104.25.193.250,4,1,0.75,245.14,0.00
104.21.49.142,4,1,0.75,245.26,0.00
104.21.71.85,4,1,0.75,245.26,0.00
104.24.169.35,4,1,0.75,245.44,0.00
104.20.253.17,4,1,0.75,245.45,0.00
104.22.15.190,4,1,0.75,245.73,0.00
104.22.12.85,4,1,0.75,245.74,0.00
104.21.65.232,4,1,0.75,245.82,0.00
104.21.54.33,4,1,0.75,245.98,0.00
104.21.31.130,4,1,0.75,246.12,0.00
104.21.51.81,4,1,0.75,246.12,0.00
104.22.8.220,4,1,0.75,246.25,0.00
104.22.7.205,4,1,0.75,246.25,0.00
104.23.118.214,4,1,0.75,246.30,0.00
172.65.149.56,4,1,0.75,246.72,0.00
104.21.69.1,4,1,0.75,246.73,0.00
104.21.55.41,4,1,0.75,246.79,0.00
104.20.223.95,4,1,0.75,247.07,0.00
104.21.61.250,4,1,0.75,247.31,0.00
104.21.68.47,4,1,0.75,247.35,0.00
104.21.72.195,4,1,0.75,248.33,0.00
104.20.194.174,4,1,0.75,248.53,0.00
104.20.229.245,4,1,0.75,248.54,0.00
104.20.244.228,4,1,0.75,248.58,0.00
104.21.39.155,4,1,0.75,248.58,0.00
104.20.230.64,4,1,0.75,248.79,0.00
104.21.78.140,4,1,0.75,248.95,0.00
104.24.219.215,4,1,0.75,249.07,0.00
104.21.44.120,4,1,0.75,249.08,0.00
104.20.243.19,4,1,0.75,249.16,0.00
104.21.30.171,4,1,0.75,249.18,0.00
104.24.215.208,4,1,0.75,249.21,0.00
104.21.60.114,4,1,0.75,249.45,0.00
104.21.63.35,4,1,0.75,249.54,0.00
104.20.235.46,4,1,0.75,249.66,0.00
104.20.220.217,4,1,0.75,249.69,0.00
104.20.251.103,4,1,0.75,250.12,0.00
104.22.11.48,4,1,0.75,250.31,0.00
104.21.16.42,4,1,0.75,250.64,0.00
104.21.42.16,4,1,0.75,250.81,0.00
104.21.62.48,4,1,0.75,251.00,0.00
104.21.10.198,4,1,0.75,251.10,0.00
104.21.40.120,4,1,0.75,251.15,0.00
104.21.43.93,4,1,0.75,251.26,0.00
104.21.37.166,4,1,0.75,251.32,0.00
104.21.24.216,4,1,0.75,251.33,0.00
104.27.8.244,4,1,0.75,251.39,0.00
104.20.209.89,4,1,0.75,251.49,0.00
104.21.83.172,4,1,0.75,251.52,0.00
104.21.80.102,4,1,0.75,251.53,0.00
104.21.67.184,4,1,0.75,251.62,0.00
104.21.6.161,4,1,0.75,251.66,0.00
104.20.164.163,4,1,0.75,252.03,0.00
104.20.232.12,4,1,0.75,252.26,0.00
104.24.213.121,4,1,0.75,252.31,0.00
104.20.219.158,4,1,0.75,252.38,0.00
104.21.15.114,4,1,0.75,252.61,0.00
104.21.19.218,4,1,0.75,252.78,0.00
104.20.154.245,4,1,0.75,252.79,0.00
104.20.216.78,4,1,0.75,252.88,0.00
104.21.32.159,4,1,0.75,253.06,0.00
104.20.175.50,4,1,0.75,253.10,0.00
104.21.70.184,4,1,0.75,253.12,0.00
104.20.239.89,4,1,0.75,253.29,0.00
104.20.234.152,4,1,0.75,253.38,0.00
104.20.237.43,4,1,0.75,253.51,0.00
104.20.192.157,4,1,0.75,253.95,0.00
104.20.180.68,4,1,0.75,253.99,0.00
104.20.149.56,4,1,0.75,254.51,0.00
104.20.241.57,4,1,0.75,254.84,0.00
104.20.233.197,4,1,0.75,254.90,0.00
104.21.47.185,4,1,0.75,255.36,0.00
104.21.28.29,4,1,0.75,255.53,0.00
104.20.236.221,4,1,0.75,256.02,0.00
104.20.254.175,4,1,0.75,256.97,0.00
104.20.242.57,4,1,0.75,257.08,0.00
104.21.66.114,4,1,0.75,257.16,0.00
104.20.250.85,4,1,0.75,257.49,0.00
172.65.231.242,4,1,0.75,258.08,0.00
104.20.249.111,4,1,0.75,259.14,0.00
104.20.199.166,4,1,0.75,259.48,0.00
104.20.198.94,4,1,0.75,259.48,0.00
104.20.155.201,4,1,0.75,261.25,0.00
104.20.163.125,4,1,0.75,261.25,0.00
104.20.231.205,4,1,0.75,265.11,0.00
104.21.73.148,4,1,0.75,266.01,0.00
104.20.211.240,4,1,0.75,266.74,0.00
104.20.227.227,4,1,0.75,272.96,0.00
104.20.222.217,4,1,0.75,274.08,0.00
104.20.221.99,4,1,0.75,275.10,0.00
104.20.203.66,4,1,0.75,275.15,0.00
104.20.208.126,4,1,0.75,275.60,0.00
104.20.165.140,4,1,0.75,276.19,0.00
104.20.226.27,4,1,0.75,277.11,0.00
104.20.202.229,4,1,0.75,280.36,0.00
104.20.174.189,4,1,0.75,280.86,0.00
104.20.224.125,4,1,0.75,281.38,0.00
104.24.183.190,4,1,0.75,284.58,0.00
104.21.86.215,4,1,0.75,289.91,0.00
104.20.248.33,4,1,0.75,292.11,0.00
104.20.252.43,4,1,0.75,294.32,0.00
172.65.212.136,4,1,0.75,307.82,0.00
172.65.213.150,4,1,0.75,309.39,0.00
172.64.13.243,4,1,0.75,385.61,0.00
172.64.14.217,4,1,0.75,387.71,0.00
172.64.10.163,4,1,0.75,390.39,0.00
172.64.11.91,4,1,0.75,394.28,0.00
172.64.8.56,4,1,0.75,394.28,0.00
172.64.150.72,4,1,0.75,729.76,0.00
172.65.251.57,4,1,0.75,903.58,0.00
172.64.231.59,4,1,0.75,923.78,0.00
